technique,recalibration_bins,evaluation_bins,group0_rmse_uncal,group0_rmse_cal,group0_absolute_change,group0_relative_change,group0_num_scores,group1_rmse_uncal,group1_rmse_cal,group1_absolute_change,group1_relative_change,group1_num_scores,group2_rmse_uncal,group2_rmse_cal,group2_absolute_change,group2_relative_change,group2_num_scores,group3_rmse_uncal,group3_rmse_cal,group3_absolute_change,group3_relative_change,group3_num_scores,group4_rmse_uncal,group4_rmse_cal,group4_absolute_change,group4_relative_change,group4_num_scores,collective_pre,collective_post,absolute change,relative change,numel
histogram_binning,10,10,0.018286239154617228,0.025361429531321405,0.007075,0.386913,12873,0.010648242235949764,0.006261463582988263,-0.004387,-0.411972,15154,0.02899133536533718,0.013183949646311118,-0.015807,-0.545245,13414,0.02698965023102402,0.009988962878827423,-0.017001,-0.629897,15078,0.039603533182220665,0.021808656111327908,-0.017795,-0.449325,15854,0.016736319489629357,0.0027752850407575568,-0.013961,-0.834176,72373
isotonic_regression,10,10,0.018286239154617228,0.02296368862958798,0.004677,0.255791,12873,0.010648242235949764,0.01029794867596369,-0.00035,-0.032897,15154,0.02899133536533718,0.01415841431680291,-0.014833,-0.511633,13414,0.02698965023102402,0.009992949331180775,-0.016997,-0.629749,15078,0.039603533182220665,0.022823147724389828,-0.01678,-0.423709,15854,0.016736319489629357,0.0031908619432079043,-0.013545,-0.809345,72373
isotonic_scaling_binning,10,10,0.018286239154617228,0.004920604694416266,-0.013366,-0.730912,12873,0.010648242235949764,0.013815589602168213,0.003167,0.297453,15154,0.02899133536533718,0.01569715226601647,-0.013294,-0.458557,13414,0.02698965023102402,0.008909351244548874,-0.01808,-0.669897,15078,0.039603533182220665,0.011407839294971828,-0.028196,-0.711949,15854,0.016736319489629357,0.0018640806036110986,-0.014872,-0.888621,72373
