technique,recalibration_bins,evaluation_bins,group0_rmse_uncal,group0_rmse_cal,group0_absolute_change,group0_relative_change,group0_num_scores,group1_rmse_uncal,group1_rmse_cal,group1_absolute_change,group1_relative_change,group1_num_scores,group2_rmse_uncal,group2_rmse_cal,group2_absolute_change,group2_relative_change,group2_num_scores,group3_rmse_uncal,group3_rmse_cal,group3_absolute_change,group3_relative_change,group3_num_scores,group4_rmse_uncal,group4_rmse_cal,group4_absolute_change,group4_relative_change,group4_num_scores,collective_pre,collective_post,absolute change,relative change,numel
histogram_binning,10,10,0.0356418221337542,0.022178078445142663,-0.013464,-0.377751,2854,0.026290202476593853,0.021824570182955787,-0.004466,-0.169859,2622,0.03413911417736973,0.014908144562797225,-0.019231,-0.563312,3033,0.037400984954594124,0.02092603488333838,-0.016475,-0.440495,4404,0.05533880892498334,0.014549333525993644,-0.040789,-0.737086,3020,0.03301619685389041,0.010975866938790617,-0.02204,-0.667561,15933
isotonic_regression,10,10,0.0356418221337542,0.01321227478972525,-0.02243,-0.629304,2854,0.026290202476593853,0.023001448512542825,-0.003289,-0.125094,2622,0.03413911417736973,0.017233248275561497,-0.016906,-0.495205,3033,0.037400984954594124,0.024399309180135335,-0.013002,-0.347629,4404,0.05533880892498334,0.014200265384361399,-0.041139,-0.743394,3020,0.03301619685389041,0.01235775797532739,-0.020658,-0.625706,15933
isotonic_scaling_binning,10,10,0.0356418221337542,0.026938616960513605,-0.008703,-0.244185,2854,0.026290202476593853,0.020784992283063537,-0.005505,-0.209402,2622,0.03413911417736973,0.018927873193567132,-0.015211,-0.445566,3033,0.037400984954594124,0.038048698058957935,0.000648,0.017318,4404,0.05533880892498334,0.01534557287696515,-0.039993,-0.722698,3020,0.03301619685389041,0.015903456326710787,-0.017113,-0.518313,15933
